orden,ip,num_rep,pais,region,ciudad,latitud,longitud
1,192.168.1.1,0.12750697135925293,,,,0,0
1,192.168.1.1,0.11403799057006836,,,,0,0
1,192.168.1.1,0.07692718505859375,,,,0,0
1,192.168.1.1,0.08415484428405762,,,,0,0
1,192.168.1.1,0.0520319938659668,,,,0,0
1,192.168.1.1,0.061041831970214844,,,,0,0
1,192.168.1.1,0.06487798690795898,,,,0,0
1,192.168.1.1,0.07617497444152832,,,,0,0
1,192.168.1.1,0.09334492683410645,,,,0,0
1,192.168.1.1,0.08682894706726074,,,,0,0
1,192.168.1.1,0.06278800964355469,,,,0,0
1,192.168.1.1,0.09164214134216309,,,,0,0
1,192.168.1.1,0.07546210289001465,,,,0,0
1,192.168.1.1,0.09089112281799316,,,,0,0
1,192.168.1.1,0.07926011085510254,,,,0,0
1,192.168.1.1,0.07333493232727051,,,,0,0
1,192.168.1.1,0.09633708000183105,,,,0,0
1,192.168.1.1,0.1041259765625,,,,0,0
1,192.168.1.1,0.1005699634552002,,,,0,0
1,192.168.1.1,0.1180570125579834,,,,0,0
1,192.168.1.1,0.10198187828063965,,,,0,0
1,192.168.1.1,0.0729210376739502,,,,0,0
1,192.168.1.1,0.07507801055908203,,,,0,0
1,192.168.1.1,0.0880119800567627,,,,0,0
1,192.168.1.1,0.09226012229919434,,,,0,0
1,192.168.1.1,0.10431790351867676,,,,0,0
1,192.168.1.1,0.09857702255249023,,,,0,0
1,192.168.1.1,0.07538199424743652,,,,0,0
1,192.168.1.1,0.10940194129943848,,,,0,0
1,192.168.1.1,0.11658716201782227,,,,0,0
2,192.168.125.1,0.07563614845275879,,,,0,0
2,192.168.125.1,0.058328866958618164,,,,0,0
2,192.168.125.1,0.08669018745422363,,,,0,0
2,192.168.125.1,0.059092044830322266,,,,0,0
2,192.168.125.1,0.07664108276367188,,,,0,0
2,192.168.125.1,0.07488703727722168,,,,0,0
2,192.168.125.1,0.0875389575958252,,,,0,0
2,192.168.125.1,0.08033919334411621,,,,0,0
2,192.168.125.1,0.08566689491271973,,,,0,0
2,192.168.125.1,0.09472918510437012,,,,0,0
2,192.168.125.1,0.0929560661315918,,,,0,0
2,192.168.125.1,0.08611083030700684,,,,0,0
2,192.168.125.1,0.08890199661254883,,,,0,0
2,192.168.125.1,0.10898900032043457,,,,0,0
2,192.168.125.1,0.1122128963470459,,,,0,0
2,192.168.125.1,0.10702991485595703,,,,0,0
2,192.168.125.1,0.10995078086853027,,,,0,0
2,192.168.125.1,0.09838581085205078,,,,0,0
2,192.168.125.1,0.08507704734802246,,,,0,0
2,192.168.125.1,0.08469700813293457,,,,0,0
2,192.168.125.1,0.07913613319396973,,,,0,0
2,192.168.125.1,0.04427599906921387,,,,0,0
2,192.168.125.1,0.09631514549255371,,,,0,0
2,192.168.125.1,0.06309795379638672,,,,0,0
2,192.168.125.1,0.07646417617797852,,,,0,0
2,192.168.125.1,0.07267093658447266,,,,0,0
2,192.168.125.1,0.07370495796203613,,,,0,0
2,192.168.125.1,0.07259321212768555,,,,0,0
2,192.168.125.1,0.06588983535766602,,,,0,0
2,192.168.125.1,0.07189106941223145,,,,0,0
3,191.102.22.1,0.10472297668457031,Argentina,Buenos Aires,Moron,-34.6425,-58.6181
3,191.102.22.1,0.07287788391113281,Argentina,Buenos Aires,Moron,-34.6425,-58.6181
3,191.102.22.1,0.06630301475524902,Argentina,Buenos Aires,Moron,-34.6425,-58.6181
3,191.102.22.1,0.07236599922180176,Argentina,Buenos Aires,Moron,-34.6425,-58.6181
3,191.102.22.1,0.07773590087890625,Argentina,Buenos Aires,Moron,-34.6425,-58.6181
3,191.102.22.1,0.11672210693359375,Argentina,Buenos Aires,Moron,-34.6425,-58.6181
3,191.102.22.1,0.06147909164428711,Argentina,Buenos Aires,Moron,-34.6425,-58.6181
3,191.102.22.1,0.10106921195983887,Argentina,Buenos Aires,Moron,-34.6425,-58.6181
3,191.102.22.1,0.07128596305847168,Argentina,Buenos Aires,Moron,-34.6425,-58.6181
3,191.102.22.1,0.10711383819580078,Argentina,Buenos Aires,Moron,-34.6425,-58.6181
3,191.102.22.1,0.07719898223876953,Argentina,Buenos Aires,Moron,-34.6425,-58.6181
3,191.102.22.1,0.09520506858825684,Argentina,Buenos Aires,Moron,-34.6425,-58.6181
3,191.102.22.1,0.06835103034973145,Argentina,Buenos Aires,Moron,-34.6425,-58.6181
3,191.102.22.1,0.06935501098632812,Argentina,Buenos Aires,Moron,-34.6425,-58.6181
3,191.102.22.1,0.07375288009643555,Argentina,Buenos Aires,Moron,-34.6425,-58.6181
3,191.102.22.1,0.07612800598144531,Argentina,Buenos Aires,Moron,-34.6425,-58.6181
3,191.102.22.1,0.10446810722351074,Argentina,Buenos Aires,Moron,-34.6425,-58.6181
3,191.102.22.1,0.0773460865020752,Argentina,Buenos Aires,Moron,-34.6425,-58.6181
3,191.102.22.1,0.08900213241577148,Argentina,Buenos Aires,Moron,-34.6425,-58.6181
3,191.102.22.1,0.11974787712097168,Argentina,Buenos Aires,Moron,-34.6425,-58.6181
3,191.102.22.1,0.0813591480255127,Argentina,Buenos Aires,Moron,-34.6425,-58.6181
3,191.102.22.1,0.09647417068481445,Argentina,Buenos Aires,Moron,-34.6425,-58.6181
3,191.102.22.1,0.07377004623413086,Argentina,Buenos Aires,Moron,-34.6425,-58.6181
3,191.102.22.1,0.06458902359008789,Argentina,Buenos Aires,Moron,-34.6425,-58.6181
3,191.102.22.1,0.09263014793395996,Argentina,Buenos Aires,Moron,-34.6425,-58.6181
3,191.102.22.1,0.08525204658508301,Argentina,Buenos Aires,Moron,-34.6425,-58.6181
3,191.102.22.1,0.08844685554504395,Argentina,Buenos Aires,Moron,-34.6425,-58.6181
3,191.102.22.1,0.07894301414489746,Argentina,Buenos Aires,Moron,-34.6425,-58.6181
3,191.102.22.1,0.08217215538024902,Argentina,Buenos Aires,Moron,-34.6425,-58.6181
3,191.102.22.1,0.0798330307006836,Argentina,Buenos Aires,Moron,-34.6425,-58.6181
4,190.99.115.5,0.0889580249786377,Argentina,Santa Fe,Rosario,-32.9288,-60.6861
4,190.99.115.5,0.11996102333068848,Argentina,Santa Fe,Rosario,-32.9288,-60.6861
4,190.99.115.5,0.10799884796142578,Argentina,Santa Fe,Rosario,-32.9288,-60.6861
4,190.99.115.5,0.12897801399230957,Argentina,Santa Fe,Rosario,-32.9288,-60.6861
4,190.99.115.5,0.0869441032409668,Argentina,Santa Fe,Rosario,-32.9288,-60.6861
4,190.99.115.5,0.09701800346374512,Argentina,Santa Fe,Rosario,-32.9288,-60.6861
4,190.99.115.5,0.10441899299621582,Argentina,Santa Fe,Rosario,-32.9288,-60.6861
4,190.99.115.5,0.14290118217468262,Argentina,Santa Fe,Rosario,-32.9288,-60.6861
4,190.99.115.5,0.08712601661682129,Argentina,Santa Fe,Rosario,-32.9288,-60.6861
4,190.99.115.5,0.10713410377502441,Argentina,Santa Fe,Rosario,-32.9288,-60.6861
4,190.99.115.5,0.08663606643676758,Argentina,Santa Fe,Rosario,-32.9288,-60.6861
4,190.99.115.5,0.08077311515808105,Argentina,Santa Fe,Rosario,-32.9288,-60.6861
4,190.99.115.5,0.0930941104888916,Argentina,Santa Fe,Rosario,-32.9288,-60.6861
4,190.99.115.5,0.07642388343811035,Argentina,Santa Fe,Rosario,-32.9288,-60.6861
4,190.99.115.5,0.1015310287475586,Argentina,Santa Fe,Rosario,-32.9288,-60.6861
4,190.99.115.5,0.11325597763061523,Argentina,Santa Fe,Rosario,-32.9288,-60.6861
4,190.99.115.5,0.12671685218811035,Argentina,Santa Fe,Rosario,-32.9288,-60.6861
4,190.99.115.5,0.08455514907836914,Argentina,Santa Fe,Rosario,-32.9288,-60.6861
4,190.99.115.5,0.06108689308166504,Argentina,Santa Fe,Rosario,-32.9288,-60.6861
4,190.99.115.5,0.08631706237792969,Argentina,Santa Fe,Rosario,-32.9288,-60.6861
4,190.99.115.5,0.08841395378112793,Argentina,Santa Fe,Rosario,-32.9288,-60.6861
4,190.99.115.5,0.09088397026062012,Argentina,Santa Fe,Rosario,-32.9288,-60.6861
4,190.99.115.5,0.09145998954772949,Argentina,Santa Fe,Rosario,-32.9288,-60.6861
4,190.99.115.5,0.06417012214660645,Argentina,Santa Fe,Rosario,-32.9288,-60.6861
4,190.99.115.5,0.07771086692810059,Argentina,Santa Fe,Rosario,-32.9288,-60.6861
4,190.99.115.5,0.07339715957641602,Argentina,Santa Fe,Rosario,-32.9288,-60.6861
4,190.99.115.5,0.07521605491638184,Argentina,Santa Fe,Rosario,-32.9288,-60.6861
4,190.99.115.5,0.05908513069152832,Argentina,Santa Fe,Rosario,-32.9288,-60.6861
4,190.99.115.5,0.082305908203125,Argentina,Santa Fe,Rosario,-32.9288,-60.6861
4,190.99.115.5,0.06305718421936035,Argentina,Santa Fe,Rosario,-32.9288,-60.6861
5,190.111.217.249,0.08733916282653809,Argentina,Entre Rios,Federal,-30.95,-58.8
5,190.111.217.249,0.09753012657165527,Argentina,Entre Rios,Federal,-30.95,-58.8
5,190.111.217.249,0.10135793685913086,Argentina,Entre Rios,Federal,-30.95,-58.8
5,190.111.217.249,0.13523602485656738,Argentina,Entre Rios,Federal,-30.95,-58.8
5,190.111.217.249,0.0417940616607666,Argentina,Entre Rios,Federal,-30.95,-58.8
5,190.111.217.249,0.11700296401977539,Argentina,Entre Rios,Federal,-30.95,-58.8
5,190.111.217.249,0.10840916633605957,Argentina,Entre Rios,Federal,-30.95,-58.8
5,190.111.217.249,0.07544302940368652,Argentina,Entre Rios,Federal,-30.95,-58.8
5,190.111.217.249,0.07473015785217285,Argentina,Entre Rios,Federal,-30.95,-58.8
5,190.111.217.249,0.10223197937011719,Argentina,Entre Rios,Federal,-30.95,-58.8
5,190.111.217.249,0.09415793418884277,Argentina,Entre Rios,Federal,-30.95,-58.8
5,190.111.217.249,0.12011003494262695,Argentina,Entre Rios,Federal,-30.95,-58.8
5,190.111.217.249,0.08435297012329102,Argentina,Entre Rios,Federal,-30.95,-58.8
5,190.111.217.249,0.1117250919342041,Argentina,Entre Rios,Federal,-30.95,-58.8
5,190.111.217.249,0.10172104835510254,Argentina,Entre Rios,Federal,-30.95,-58.8
5,190.111.217.249,0.10766816139221191,Argentina,Entre Rios,Federal,-30.95,-58.8
5,190.111.217.249,0.08372187614440918,Argentina,Entre Rios,Federal,-30.95,-58.8
5,190.111.217.249,0.13213300704956055,Argentina,Entre Rios,Federal,-30.95,-58.8
5,190.111.217.249,0.09996819496154785,Argentina,Entre Rios,Federal,-30.95,-58.8
5,190.111.217.249,0.09777092933654785,Argentina,Entre Rios,Federal,-30.95,-58.8
5,190.111.217.249,0.0905160903930664,Argentina,Entre Rios,Federal,-30.95,-58.8
5,190.111.217.249,0.08361411094665527,Argentina,Entre Rios,Federal,-30.95,-58.8
5,190.111.217.249,0.10685086250305176,Argentina,Entre Rios,Federal,-30.95,-58.8
5,190.111.217.249,0.08658599853515625,Argentina,Entre Rios,Federal,-30.95,-58.8
5,190.111.217.249,0.11618494987487793,Argentina,Entre Rios,Federal,-30.95,-58.8
5,190.111.217.249,0.09621906280517578,Argentina,Entre Rios,Federal,-30.95,-58.8
5,190.111.217.249,0.0762338638305664,Argentina,Entre Rios,Federal,-30.95,-58.8
5,190.111.217.249,0.10524702072143555,Argentina,Entre Rios,Federal,-30.95,-58.8
5,190.111.217.249,0.10590887069702148,Argentina,Entre Rios,Federal,-30.95,-58.8
5,190.111.217.249,0.06710195541381836,Argentina,Entre Rios,Federal,-30.95,-58.8
6,195.22.220.113,0.06949400901794434,Italy,,,43.1479,12.1097
6,195.22.220.113,0.0871739387512207,Italy,,,43.1479,12.1097
6,195.22.220.113,0.07038712501525879,Italy,,,43.1479,12.1097
6,195.22.220.113,0.0973660945892334,Italy,,,43.1479,12.1097
6,195.22.220.113,0.08425617218017578,Italy,,,43.1479,12.1097
6,195.22.220.113,0.08822393417358398,Italy,,,43.1479,12.1097
6,195.22.220.113,0.12140917778015137,Italy,,,43.1479,12.1097
6,195.22.220.113,0.0703730583190918,Italy,,,43.1479,12.1097
6,195.22.220.113,0.08648300170898438,Italy,,,43.1479,12.1097
6,195.22.220.113,0.07468605041503906,Italy,,,43.1479,12.1097
6,195.22.220.113,0.08101892471313477,Italy,,,43.1479,12.1097
6,195.22.220.113,0.1557331085205078,Italy,,,43.1479,12.1097
6,195.22.220.113,0.10615015029907227,Italy,,,43.1479,12.1097
6,195.22.220.113,0.11698603630065918,Italy,,,43.1479,12.1097
6,195.22.220.113,0.10193991661071777,Italy,,,43.1479,12.1097
6,195.22.220.113,0.09787702560424805,Italy,,,43.1479,12.1097
6,195.22.220.113,0.11449503898620605,Italy,,,43.1479,12.1097
6,195.22.220.113,0.08948898315429688,Italy,,,43.1479,12.1097
6,195.22.220.113,0.08525490760803223,Italy,,,43.1479,12.1097
6,195.22.220.113,0.08854317665100098,Italy,,,43.1479,12.1097
6,195.22.220.113,0.13985395431518555,Italy,,,43.1479,12.1097
6,195.22.220.113,0.1321580410003662,Italy,,,43.1479,12.1097
6,195.22.220.113,0.09087586402893066,Italy,,,43.1479,12.1097
6,195.22.220.113,0.06909584999084473,Italy,,,43.1479,12.1097
6,195.22.220.113,0.12813878059387207,Italy,,,43.1479,12.1097
6,195.22.220.113,0.08896803855895996,Italy,,,43.1479,12.1097
6,195.22.220.113,0.08104896545410156,Italy,,,43.1479,12.1097
6,195.22.220.113,0.10492420196533203,Italy,,,43.1479,12.1097
6,195.22.220.113,0.09027218818664551,Italy,,,43.1479,12.1097
6,195.22.220.113,0.0680398941040039,Italy,,,43.1479,12.1097
7,89.221.41.161,0.23663997650146484,Italy,,,43.1479,12.1097
7,89.221.41.161,0.2561931610107422,Italy,,,43.1479,12.1097
7,89.221.41.161,0.3346529006958008,Italy,,,43.1479,12.1097
7,89.221.41.161,0.2151479721069336,Italy,,,43.1479,12.1097
7,89.221.41.161,0.21235394477844238,Italy,,,43.1479,12.1097
7,89.221.41.161,0.21203184127807617,Italy,,,43.1479,12.1097
7,89.221.41.161,0.26032114028930664,Italy,,,43.1479,12.1097
7,89.221.41.161,0.22433114051818848,Italy,,,43.1479,12.1097
7,89.221.41.161,0.2442460060119629,Italy,,,43.1479,12.1097
7,89.221.41.161,0.24782705307006836,Italy,,,43.1479,12.1097
7,89.221.41.161,0.2596879005432129,Italy,,,43.1479,12.1097
7,89.221.41.161,0.22051382064819336,Italy,,,43.1479,12.1097
7,89.221.41.161,0.22671008110046387,Italy,,,43.1479,12.1097
7,89.221.41.161,0.23320889472961426,Italy,,,43.1479,12.1097
7,89.221.41.161,0.23285508155822754,Italy,,,43.1479,12.1097
7,89.221.41.161,0.24414992332458496,Italy,,,43.1479,12.1097
7,89.221.41.161,0.20627093315124512,Italy,,,43.1479,12.1097
7,89.221.41.161,0.24533700942993164,Italy,,,43.1479,12.1097
7,89.221.41.161,0.22749805450439453,Italy,,,43.1479,12.1097
7,89.221.41.161,0.2792360782623291,Italy,,,43.1479,12.1097
7,89.221.41.161,0.2792019844055176,Italy,,,43.1479,12.1097
7,89.221.41.161,0.3124501705169678,Italy,,,43.1479,12.1097
7,89.221.41.161,0.30539703369140625,Italy,,,43.1479,12.1097
7,89.221.41.161,0.2768220901489258,Italy,,,43.1479,12.1097
7,89.221.41.161,0.23758292198181152,Italy,,,43.1479,12.1097
7,89.221.41.161,0.2597479820251465,Italy,,,43.1479,12.1097
7,89.221.41.161,0.29512500762939453,Italy,,,43.1479,12.1097
7,89.221.41.161,0.31949305534362793,Italy,,,43.1479,12.1097
7,89.221.41.161,0.2524099349975586,Italy,,,43.1479,12.1097
7,89.221.41.161,0.32326793670654297,Italy,,,43.1479,12.1097
8,154.54.9.17,0.2526710033416748,United States,,,37.751,-97.822
8,154.54.9.17,0.3291609287261963,United States,,,37.751,-97.822
8,154.54.9.17,0.22892284393310547,United States,,,37.751,-97.822
8,154.54.9.17,0.2690560817718506,United States,,,37.751,-97.822
8,154.54.9.17,0.23948407173156738,United States,,,37.751,-97.822
8,154.54.9.17,0.21620416641235352,United States,,,37.751,-97.822
8,154.54.9.17,0.26933979988098145,United States,,,37.751,-97.822
8,154.54.9.17,0.24708890914916992,United States,,,37.751,-97.822
8,154.54.9.17,0.21587300300598145,United States,,,37.751,-97.822
8,154.54.9.17,0.2169969081878662,United States,,,37.751,-97.822
8,154.54.9.17,0.2344188690185547,United States,,,37.751,-97.822
8,154.54.9.17,0.23862481117248535,United States,,,37.751,-97.822
8,154.54.9.17,0.22370409965515137,United States,,,37.751,-97.822
8,154.54.9.17,0.21715402603149414,United States,,,37.751,-97.822
8,154.54.9.17,0.24222111701965332,United States,,,37.751,-97.822
8,154.54.9.17,0.22516393661499023,United States,,,37.751,-97.822
8,154.54.9.17,0.21575403213500977,United States,,,37.751,-97.822
8,154.54.9.17,0.19217896461486816,United States,,,37.751,-97.822
8,154.54.9.17,0.23692011833190918,United States,,,37.751,-97.822
8,154.54.9.17,0.23630595207214355,United States,,,37.751,-97.822
8,154.54.9.17,0.24083209037780762,United States,,,37.751,-97.822
8,154.54.9.17,0.2960779666900635,United States,,,37.751,-97.822
8,154.54.9.17,0.25785017013549805,United States,,,37.751,-97.822
8,154.54.9.17,0.222398042678833,United States,,,37.751,-97.822
8,154.54.9.17,0.22621798515319824,United States,,,37.751,-97.822
8,154.54.9.17,0.23897719383239746,United States,,,37.751,-97.822
8,154.54.9.17,0.19122910499572754,United States,,,37.751,-97.822
8,154.54.9.17,0.22436904907226562,United States,,,37.751,-97.822
8,154.54.9.17,0.21614384651184082,United States,,,37.751,-97.822
8,154.54.9.17,0.26311612129211426,United States,,,37.751,-97.822
9,154.54.24.233,0.22325587272644043,United States,,,37.751,-97.822
9,154.54.24.233,0.22396397590637207,United States,,,37.751,-97.822
9,154.54.24.233,0.2855870723724365,United States,,,37.751,-97.822
9,154.54.24.233,0.2693188190460205,United States,,,37.751,-97.822
9,154.54.24.233,0.24427580833435059,United States,,,37.751,-97.822
9,154.54.24.233,0.2643771171569824,United States,,,37.751,-97.822
9,154.54.24.233,0.23543596267700195,United States,,,37.751,-97.822
9,154.54.24.233,0.2711811065673828,United States,,,37.751,-97.822
9,154.54.24.233,0.23684096336364746,United States,,,37.751,-97.822
9,154.54.24.233,0.21955394744873047,United States,,,37.751,-97.822
9,154.54.24.233,0.2601921558380127,United States,,,37.751,-97.822
9,154.54.24.233,0.2412891387939453,United States,,,37.751,-97.822
9,154.54.24.233,0.23112082481384277,United States,,,37.751,-97.822
9,154.54.24.233,0.23729395866394043,United States,,,37.751,-97.822
9,154.54.24.233,0.26012182235717773,United States,,,37.751,-97.822
9,154.54.24.233,0.2357938289642334,United States,,,37.751,-97.822
9,154.54.24.233,0.23587703704833984,United States,,,37.751,-97.822
9,154.54.24.233,0.22298812866210938,United States,,,37.751,-97.822
9,154.54.24.233,0.22799110412597656,United States,,,37.751,-97.822
9,154.54.24.233,0.24914789199829102,United States,,,37.751,-97.822
9,154.54.24.233,0.21210789680480957,United States,,,37.751,-97.822
9,154.54.24.233,0.2235419750213623,United States,,,37.751,-97.822
9,154.54.24.233,0.24526596069335938,United States,,,37.751,-97.822
9,154.54.24.233,0.2155289649963379,United States,,,37.751,-97.822
9,154.54.24.233,0.2552461624145508,United States,,,37.751,-97.822
9,154.54.24.233,0.22214198112487793,United States,,,37.751,-97.822
9,154.54.24.233,0.2157900333404541,United States,,,37.751,-97.822
9,154.54.24.233,0.2605140209197998,United States,,,37.751,-97.822
9,154.54.24.233,0.21015000343322754,United States,,,37.751,-97.822
9,154.54.24.233,0.2585258483886719,United States,,,37.751,-97.822
10,154.54.0.222,0.25138115882873535,United States,,,37.751,-97.822
10,154.54.0.222,0.2444770336151123,United States,,,37.751,-97.822
10,154.54.0.222,0.24413180351257324,United States,,,37.751,-97.822
10,154.54.0.222,0.24415802955627441,United States,,,37.751,-97.822
10,154.54.0.222,0.2276298999786377,United States,,,37.751,-97.822
10,154.54.0.222,0.27347517013549805,United States,,,37.751,-97.822
10,154.54.0.222,0.24299120903015137,United States,,,37.751,-97.822
10,154.54.0.222,0.2677609920501709,United States,,,37.751,-97.822
10,154.54.0.222,0.24448609352111816,United States,,,37.751,-97.822
10,154.54.0.222,0.24306511878967285,United States,,,37.751,-97.822
10,154.54.0.222,0.22163605690002441,United States,,,37.751,-97.822
10,154.54.0.222,0.24728107452392578,United States,,,37.751,-97.822
10,154.54.0.222,0.2670290470123291,United States,,,37.751,-97.822
10,154.54.0.222,0.27365994453430176,United States,,,37.751,-97.822
10,154.54.0.222,0.25206685066223145,United States,,,37.751,-97.822
10,154.54.0.222,0.25024914741516113,United States,,,37.751,-97.822
10,154.54.0.222,0.22900009155273438,United States,,,37.751,-97.822
10,154.54.0.222,0.2861618995666504,United States,,,37.751,-97.822
10,154.54.0.222,0.2418651580810547,United States,,,37.751,-97.822
10,154.54.0.222,0.24571919441223145,United States,,,37.751,-97.822
10,154.54.0.222,0.26949596405029297,United States,,,37.751,-97.822
10,154.54.0.222,0.24044084548950195,United States,,,37.751,-97.822
10,154.54.0.222,0.251723051071167,United States,,,37.751,-97.822
10,154.54.0.222,0.2457289695739746,United States,,,37.751,-97.822
10,154.54.0.222,0.24623680114746094,United States,,,37.751,-97.822
10,154.54.0.222,0.26445794105529785,United States,,,37.751,-97.822
10,154.54.0.222,0.26430201530456543,United States,,,37.751,-97.822
10,154.54.0.222,0.27620887756347656,United States,,,37.751,-97.822
10,154.54.0.222,0.24781012535095215,United States,,,37.751,-97.822
10,154.54.0.222,0.24010515213012695,United States,,,37.751,-97.822
11,154.54.30.162,0.2806589603424072,United States,,,37.751,-97.822
11,154.54.30.162,0.28458404541015625,United States,,,37.751,-97.822
11,154.54.30.162,0.2795848846435547,United States,,,37.751,-97.822
11,154.54.30.162,0.26585817337036133,United States,,,37.751,-97.822
11,154.54.30.162,0.270888090133667,United States,,,37.751,-97.822
11,154.54.30.162,0.2765531539916992,United States,,,37.751,-97.822
11,154.54.30.162,0.29638099670410156,United States,,,37.751,-97.822
11,154.54.30.162,0.26739001274108887,United States,,,37.751,-97.822
11,154.54.30.162,0.25333189964294434,United States,,,37.751,-97.822
11,154.54.30.162,0.2635631561279297,United States,,,37.751,-97.822
11,154.54.30.162,0.2485790252685547,United States,,,37.751,-97.822
11,154.54.30.162,0.2716410160064697,United States,,,37.751,-97.822
11,154.54.30.162,0.2330610752105713,United States,,,37.751,-97.822
11,154.54.30.162,0.2919750213623047,United States,,,37.751,-97.822
11,154.54.30.162,0.30417394638061523,United States,,,37.751,-97.822
11,154.54.30.162,0.3451831340789795,United States,,,37.751,-97.822
11,154.54.30.162,0.39897799491882324,United States,,,37.751,-97.822
11,154.54.30.162,0.2593510150909424,United States,,,37.751,-97.822
11,154.54.30.162,0.2611558437347412,United States,,,37.751,-97.822
11,154.54.30.162,0.2771439552307129,United States,,,37.751,-97.822
11,154.54.30.162,0.254486083984375,United States,,,37.751,-97.822
11,154.54.30.162,0.33382511138916016,United States,,,37.751,-97.822
11,154.54.30.162,0.24892783164978027,United States,,,37.751,-97.822
11,154.54.30.162,0.2973198890686035,United States,,,37.751,-97.822
11,154.54.30.162,0.27384400367736816,United States,,,37.751,-97.822
11,154.54.30.162,0.2817211151123047,United States,,,37.751,-97.822
11,154.54.30.162,0.2836627960205078,United States,,,37.751,-97.822
11,154.54.30.162,0.29282689094543457,United States,,,37.751,-97.822
11,154.54.30.162,0.331744909286499,United States,,,37.751,-97.822
11,154.54.30.162,0.27676892280578613,United States,,,37.751,-97.822
12,154.54.42.77,0.33401989936828613,United States,,,37.751,-97.822
12,154.54.42.77,0.2964749336242676,United States,,,37.751,-97.822
12,154.54.42.77,0.2648289203643799,United States,,,37.751,-97.822
12,154.54.42.77,0.257465124130249,United States,,,37.751,-97.822
12,154.54.42.77,0.27928686141967773,United States,,,37.751,-97.822
12,154.54.42.77,0.2727518081665039,United States,,,37.751,-97.822
12,154.54.42.77,0.3108360767364502,United States,,,37.751,-97.822
12,154.54.42.77,0.27664685249328613,United States,,,37.751,-97.822
12,154.54.42.77,0.28807711601257324,United States,,,37.751,-97.822
12,154.54.42.77,0.29004907608032227,United States,,,37.751,-97.822
12,154.54.42.77,0.28020811080932617,United States,,,37.751,-97.822
12,154.54.42.77,0.27968597412109375,United States,,,37.751,-97.822
12,154.54.42.77,0.2791709899902344,United States,,,37.751,-97.822
12,154.54.42.77,0.314486026763916,United States,,,37.751,-97.822
12,154.54.42.77,0.27109503746032715,United States,,,37.751,-97.822
12,154.54.42.77,0.2586531639099121,United States,,,37.751,-97.822
12,154.54.42.77,0.2802391052246094,United States,,,37.751,-97.822
12,154.54.42.77,0.27970194816589355,United States,,,37.751,-97.822
12,154.54.42.77,0.2602548599243164,United States,,,37.751,-97.822
12,154.54.42.77,0.2742280960083008,United States,,,37.751,-97.822
12,154.54.42.77,0.26830291748046875,United States,,,37.751,-97.822
12,154.54.42.77,0.2690858840942383,United States,,,37.751,-97.822
12,154.54.42.77,0.28841304779052734,United States,,,37.751,-97.822
12,154.54.42.77,0.26183414459228516,United States,,,37.751,-97.822
12,154.54.42.77,0.2721860408782959,United States,,,37.751,-97.822
12,154.54.42.77,0.2768521308898926,United States,,,37.751,-97.822
12,154.54.42.77,0.30109190940856934,United States,,,37.751,-97.822
12,154.54.42.77,0.2777981758117676,United States,,,37.751,-97.822
12,154.54.42.77,0.2717759609222412,United States,,,37.751,-97.822
12,154.54.42.77,0.2739858627319336,United States,,,37.751,-97.822
13,154.54.45.162,0.27643299102783203,United States,,,37.751,-97.822
13,154.54.45.162,0.29617810249328613,United States,,,37.751,-97.822
13,154.54.45.162,0.312222957611084,United States,,,37.751,-97.822
13,154.54.45.162,0.27883410453796387,United States,,,37.751,-97.822
13,154.54.45.162,0.2869682312011719,United States,,,37.751,-97.822
13,154.54.45.162,0.2836151123046875,United States,,,37.751,-97.822
13,154.54.45.162,0.280087947845459,United States,,,37.751,-97.822
13,154.54.45.162,0.2856597900390625,United States,,,37.751,-97.822
13,154.54.45.162,0.28670501708984375,United States,,,37.751,-97.822
13,154.54.45.162,0.2884559631347656,United States,,,37.751,-97.822
13,154.54.45.162,0.303239107131958,United States,,,37.751,-97.822
13,154.54.45.162,0.3168509006500244,United States,,,37.751,-97.822
13,154.54.45.162,0.2648460865020752,United States,,,37.751,-97.822
13,154.54.45.162,0.2863960266113281,United States,,,37.751,-97.822
13,154.54.45.162,0.3020029067993164,United States,,,37.751,-97.822
13,154.54.45.162,0.2791430950164795,United States,,,37.751,-97.822
13,154.54.45.162,0.2963831424713135,United States,,,37.751,-97.822
13,154.54.45.162,0.27823591232299805,United States,,,37.751,-97.822
13,154.54.45.162,0.28129005432128906,United States,,,37.751,-97.822
13,154.54.45.162,0.27216219902038574,United States,,,37.751,-97.822
13,154.54.45.162,0.2711160182952881,United States,,,37.751,-97.822
13,154.54.45.162,0.28780603408813477,United States,,,37.751,-97.822
13,154.54.45.162,0.2887580394744873,United States,,,37.751,-97.822
13,154.54.45.162,0.26989293098449707,United States,,,37.751,-97.822
13,154.54.45.162,0.26936912536621094,United States,,,37.751,-97.822
13,154.54.45.162,0.31406092643737793,United States,,,37.751,-97.822
13,154.54.45.162,0.2883110046386719,United States,,,37.751,-97.822
13,154.54.45.162,0.28395605087280273,United States,,,37.751,-97.822
13,154.54.45.162,0.27900195121765137,United States,,,37.751,-97.822
13,154.54.45.162,0.2945530414581299,United States,,,37.751,-97.822
14,154.54.45.2,0.29753804206848145,United States,,,37.751,-97.822
14,154.54.45.2,0.26523685455322266,United States,,,37.751,-97.822
14,154.54.45.2,0.28644418716430664,United States,,,37.751,-97.822
14,154.54.45.2,0.29250216484069824,United States,,,37.751,-97.822
14,154.54.45.2,0.30214595794677734,United States,,,37.751,-97.822
14,154.54.45.2,0.259235143661499,United States,,,37.751,-97.822
14,154.54.45.2,0.2582218647003174,United States,,,37.751,-97.822
14,154.54.45.2,0.28457093238830566,United States,,,37.751,-97.822
14,154.54.45.2,0.30145716667175293,United States,,,37.751,-97.822
14,154.54.45.2,0.2681570053100586,United States,,,37.751,-97.822
14,154.54.45.2,0.2658209800720215,United States,,,37.751,-97.822
14,154.54.45.2,0.29367494583129883,United States,,,37.751,-97.822
14,154.54.45.2,0.3033018112182617,United States,,,37.751,-97.822
14,154.54.45.2,0.28252696990966797,United States,,,37.751,-97.822
14,154.54.45.2,0.27928686141967773,United States,,,37.751,-97.822
14,154.54.45.2,0.24247217178344727,United States,,,37.751,-97.822
14,154.54.45.2,0.28623509407043457,United States,,,37.751,-97.822
14,154.54.45.2,0.3081820011138916,United States,,,37.751,-97.822
14,154.54.45.2,0.27991294860839844,United States,,,37.751,-97.822
14,154.54.45.2,0.28317904472351074,United States,,,37.751,-97.822
14,154.54.45.2,0.29143214225769043,United States,,,37.751,-97.822
14,154.54.45.2,0.2762129306793213,United States,,,37.751,-97.822
14,154.54.45.2,0.2961461544036865,United States,,,37.751,-97.822
14,154.54.45.2,0.2803018093109131,United States,,,37.751,-97.822
14,154.54.45.2,0.3429749011993408,United States,,,37.751,-97.822
14,154.54.45.2,0.2750210762023926,United States,,,37.751,-97.822
14,154.54.45.2,0.30078816413879395,United States,,,37.751,-97.822
14,154.54.45.2,0.315579891204834,United States,,,37.751,-97.822
14,154.54.45.2,0.28638696670532227,United States,,,37.751,-97.822
14,154.54.45.2,0.327380895614624,United States,,,37.751,-97.822
15,38.88.196.186,0.500262975692749,United States,California,Los Angeles,34.0486,-118.4424
15,38.88.196.186,0.4979419708251953,United States,California,Los Angeles,34.0486,-118.4424
15,38.88.196.186,0.47365403175354004,United States,California,Los Angeles,34.0486,-118.4424
15,38.88.196.186,0.5317869186401367,United States,California,Los Angeles,34.0486,-118.4424
15,38.88.196.186,0.4641079902648926,United States,California,Los Angeles,34.0486,-118.4424
15,38.88.196.186,0.4922139644622803,United States,California,Los Angeles,34.0486,-118.4424
15,38.88.196.186,0.48453688621520996,United States,California,Los Angeles,34.0486,-118.4424
15,38.88.196.186,0.5301508903503418,United States,California,Los Angeles,34.0486,-118.4424
15,38.88.196.186,0.4782700538635254,United States,California,Los Angeles,34.0486,-118.4424
15,38.88.196.186,0.49248290061950684,United States,California,Los Angeles,34.0486,-118.4424
15,38.88.196.186,0.5362629890441895,United States,California,Los Angeles,34.0486,-118.4424
15,38.88.196.186,0.5198519229888916,United States,California,Los Angeles,34.0486,-118.4424
15,38.88.196.186,0.4980459213256836,United States,California,Los Angeles,34.0486,-118.4424
15,38.88.196.186,0.5219080448150635,United States,California,Los Angeles,34.0486,-118.4424
15,38.88.196.186,0.4835529327392578,United States,California,Los Angeles,34.0486,-118.4424
15,38.88.196.186,0.49500203132629395,United States,California,Los Angeles,34.0486,-118.4424
15,38.88.196.186,0.49663591384887695,United States,California,Los Angeles,34.0486,-118.4424
15,38.88.196.186,0.5076389312744141,United States,California,Los Angeles,34.0486,-118.4424
15,38.88.196.186,0.5126280784606934,United States,California,Los Angeles,34.0486,-118.4424
15,38.88.196.186,0.47905588150024414,United States,California,Los Angeles,34.0486,-118.4424
15,38.88.196.186,0.4801919460296631,United States,California,Los Angeles,34.0486,-118.4424
15,38.88.196.186,0.48023009300231934,United States,California,Los Angeles,34.0486,-118.4424
15,38.88.196.186,0.5151519775390625,United States,California,Los Angeles,34.0486,-118.4424
15,38.88.196.186,0.4595639705657959,United States,California,Los Angeles,34.0486,-118.4424
15,38.88.196.186,0.48782777786254883,United States,California,Los Angeles,34.0486,-118.4424
15,38.88.196.186,0.46906018257141113,United States,California,Los Angeles,34.0486,-118.4424
15,38.88.196.186,0.4930429458618164,United States,California,Los Angeles,34.0486,-118.4424
15,38.88.196.186,0.4714338779449463,United States,California,Los Angeles,34.0486,-118.4424
15,38.88.196.186,0.48138904571533203,United States,California,Los Angeles,34.0486,-118.4424
15,38.88.196.186,0.47528600692749023,United States,California,Los Angeles,34.0486,-118.4424
16,101.4.117.169,0.4968390464782715,China,Beijing,Beijing,39.9289,116.3883
16,101.4.117.169,0.4839768409729004,China,Beijing,Beijing,39.9289,116.3883
16,101.4.117.169,0.4762611389160156,China,Beijing,Beijing,39.9289,116.3883
16,101.4.117.169,0.472027063369751,China,Beijing,Beijing,39.9289,116.3883
16,101.4.117.169,0.4878208637237549,China,Beijing,Beijing,39.9289,116.3883
16,101.4.117.169,0.49216198921203613,China,Beijing,Beijing,39.9289,116.3883
16,101.4.117.169,0.492725133895874,China,Beijing,Beijing,39.9289,116.3883
16,101.4.117.169,0.5206639766693115,China,Beijing,Beijing,39.9289,116.3883
16,101.4.117.169,0.4504280090332031,China,Beijing,Beijing,39.9289,116.3883
16,101.4.117.169,0.5022821426391602,China,Beijing,Beijing,39.9289,116.3883
16,101.4.117.169,0.5080618858337402,China,Beijing,Beijing,39.9289,116.3883
16,101.4.117.169,0.5078830718994141,China,Beijing,Beijing,39.9289,116.3883
16,101.4.117.169,0.4714789390563965,China,Beijing,Beijing,39.9289,116.3883
16,101.4.117.169,0.46982407569885254,China,Beijing,Beijing,39.9289,116.3883
16,101.4.117.169,0.4788858890533447,China,Beijing,Beijing,39.9289,116.3883
16,101.4.117.169,0.4672551155090332,China,Beijing,Beijing,39.9289,116.3883
16,101.4.117.169,0.4535980224609375,China,Beijing,Beijing,39.9289,116.3883
16,101.4.117.169,0.4918701648712158,China,Beijing,Beijing,39.9289,116.3883
16,101.4.117.169,0.4802701473236084,China,Beijing,Beijing,39.9289,116.3883
16,101.4.117.169,0.4717099666595459,China,Beijing,Beijing,39.9289,116.3883
16,101.4.117.169,0.46785807609558105,China,Beijing,Beijing,39.9289,116.3883
16,101.4.117.169,0.5371289253234863,China,Beijing,Beijing,39.9289,116.3883
16,101.4.117.169,0.4813358783721924,China,Beijing,Beijing,39.9289,116.3883
16,101.4.117.169,0.4895901679992676,China,Beijing,Beijing,39.9289,116.3883
16,101.4.117.169,0.48134493827819824,China,Beijing,Beijing,39.9289,116.3883
16,101.4.117.169,0.4652371406555176,China,Beijing,Beijing,39.9289,116.3883
16,101.4.117.169,0.45514488220214844,China,Beijing,Beijing,39.9289,116.3883
16,101.4.117.169,0.462536096572876,China,Beijing,Beijing,39.9289,116.3883
16,101.4.117.169,0.4713249206542969,China,Beijing,Beijing,39.9289,116.3883
16,101.4.117.169,0.5119650363922119,China,Beijing,Beijing,39.9289,116.3883
17,101.4.117.97,0.487591028213501,China,Beijing,Beijing,39.9289,116.3883
17,101.4.117.97,0.4717068672180176,China,Beijing,Beijing,39.9289,116.3883
17,101.4.117.97,0.48487114906311035,China,Beijing,Beijing,39.9289,116.3883
17,101.4.117.97,0.487415075302124,China,Beijing,Beijing,39.9289,116.3883
17,101.4.117.97,0.47774195671081543,China,Beijing,Beijing,39.9289,116.3883
17,101.4.117.97,0.46140003204345703,China,Beijing,Beijing,39.9289,116.3883
17,101.4.117.97,0.4898500442504883,China,Beijing,Beijing,39.9289,116.3883
17,101.4.117.97,0.4932389259338379,China,Beijing,Beijing,39.9289,116.3883
17,101.4.117.97,0.48967599868774414,China,Beijing,Beijing,39.9289,116.3883
17,101.4.117.97,0.468019962310791,China,Beijing,Beijing,39.9289,116.3883
17,101.4.117.97,0.4960517883300781,China,Beijing,Beijing,39.9289,116.3883
17,101.4.117.97,0.49393701553344727,China,Beijing,Beijing,39.9289,116.3883
17,101.4.117.97,0.49852609634399414,China,Beijing,Beijing,39.9289,116.3883
17,101.4.117.97,0.4674839973449707,China,Beijing,Beijing,39.9289,116.3883
17,101.4.117.97,0.48071813583374023,China,Beijing,Beijing,39.9289,116.3883
17,101.4.117.97,0.47221994400024414,China,Beijing,Beijing,39.9289,116.3883
17,101.4.117.97,0.4667840003967285,China,Beijing,Beijing,39.9289,116.3883
17,101.4.117.97,0.46979784965515137,China,Beijing,Beijing,39.9289,116.3883
17,101.4.117.97,0.46926116943359375,China,Beijing,Beijing,39.9289,116.3883
17,101.4.117.97,0.466217041015625,China,Beijing,Beijing,39.9289,116.3883
17,101.4.117.97,0.4607410430908203,China,Beijing,Beijing,39.9289,116.3883
17,101.4.117.97,0.5126509666442871,China,Beijing,Beijing,39.9289,116.3883
17,101.4.117.97,0.5085270404815674,China,Beijing,Beijing,39.9289,116.3883
17,101.4.117.97,0.47902894020080566,China,Beijing,Beijing,39.9289,116.3883
17,101.4.117.97,0.4567070007324219,China,Beijing,Beijing,39.9289,116.3883
17,101.4.117.97,0.49793481826782227,China,Beijing,Beijing,39.9289,116.3883
17,101.4.117.97,0.5021369457244873,China,Beijing,Beijing,39.9289,116.3883
17,101.4.117.97,0.47455787658691406,China,Beijing,Beijing,39.9289,116.3883
17,101.4.117.97,0.486220121383667,China,Beijing,Beijing,39.9289,116.3883
17,101.4.117.97,0.5159459114074707,China,Beijing,Beijing,39.9289,116.3883
18,101.4.117.50,0.4650721549987793,China,Beijing,Beijing,39.9289,116.3883
18,101.4.117.50,0.4876861572265625,China,Beijing,Beijing,39.9289,116.3883
18,101.4.117.50,0.45952296257019043,China,Beijing,Beijing,39.9289,116.3883
18,101.4.117.50,0.4979231357574463,China,Beijing,Beijing,39.9289,116.3883
18,101.4.117.50,0.466655969619751,China,Beijing,Beijing,39.9289,116.3883
18,101.4.117.50,0.48189592361450195,China,Beijing,Beijing,39.9289,116.3883
18,101.4.117.50,0.4399559497833252,China,Beijing,Beijing,39.9289,116.3883
18,101.4.117.50,0.5959410667419434,China,Beijing,Beijing,39.9289,116.3883
18,101.4.117.50,0.4894239902496338,China,Beijing,Beijing,39.9289,116.3883
18,101.4.117.50,0.5196149349212646,China,Beijing,Beijing,39.9289,116.3883
18,101.4.117.50,0.46320509910583496,China,Beijing,Beijing,39.9289,116.3883
18,101.4.117.50,0.4751150608062744,China,Beijing,Beijing,39.9289,116.3883
18,101.4.117.50,0.466137170791626,China,Beijing,Beijing,39.9289,116.3883
18,101.4.117.50,0.488692045211792,China,Beijing,Beijing,39.9289,116.3883
18,101.4.117.50,0.4996018409729004,China,Beijing,Beijing,39.9289,116.3883
18,101.4.117.50,0.512991189956665,China,Beijing,Beijing,39.9289,116.3883
18,101.4.117.50,0.7530510425567627,China,Beijing,Beijing,39.9289,116.3883
18,101.4.117.50,0.54982590675354,China,Beijing,Beijing,39.9289,116.3883
18,101.4.117.50,0.4617800712585449,China,Beijing,Beijing,39.9289,116.3883
18,101.4.117.50,0.45488905906677246,China,Beijing,Beijing,39.9289,116.3883
18,101.4.117.50,0.5078301429748535,China,Beijing,Beijing,39.9289,116.3883
18,101.4.117.50,0.49077582359313965,China,Beijing,Beijing,39.9289,116.3883
18,101.4.117.50,0.5054519176483154,China,Beijing,Beijing,39.9289,116.3883
18,101.4.117.50,0.48804807662963867,China,Beijing,Beijing,39.9289,116.3883
18,101.4.117.50,0.47011709213256836,China,Beijing,Beijing,39.9289,116.3883
18,101.4.117.50,0.49590587615966797,China,Beijing,Beijing,39.9289,116.3883
18,101.4.117.50,0.5092878341674805,China,Beijing,Beijing,39.9289,116.3883
18,101.4.117.50,0.4722468852996826,China,Beijing,Beijing,39.9289,116.3883
18,101.4.117.50,0.4740409851074219,China,Beijing,Beijing,39.9289,116.3883
18,101.4.117.50,0.4747588634490967,China,Beijing,Beijing,39.9289,116.3883
19,101.4.115.69,0.4370570182800293,China,Beijing,Beijing,39.9289,116.3883
19,101.4.115.69,0.48576807975769043,China,Beijing,Beijing,39.9289,116.3883
20,101.4.117.81,0.49473094940185547,China,Beijing,Beijing,39.9289,116.3883
20,101.4.117.81,0.4489901065826416,China,Beijing,Beijing,39.9289,116.3883
20,101.4.117.81,0.4758470058441162,China,Beijing,Beijing,39.9289,116.3883
20,101.4.117.81,0.4843158721923828,China,Beijing,Beijing,39.9289,116.3883
20,101.4.117.81,0.4634859561920166,China,Beijing,Beijing,39.9289,116.3883
20,101.4.117.81,0.4545919895172119,China,Beijing,Beijing,39.9289,116.3883
20,101.4.117.81,0.49124813079833984,China,Beijing,Beijing,39.9289,116.3883
20,101.4.117.81,0.4694030284881592,China,Beijing,Beijing,39.9289,116.3883
20,101.4.117.81,0.4764671325683594,China,Beijing,Beijing,39.9289,116.3883
20,101.4.117.81,0.5053138732910156,China,Beijing,Beijing,39.9289,116.3883
20,101.4.117.81,0.48345112800598145,China,Beijing,Beijing,39.9289,116.3883
20,101.4.117.81,0.47989392280578613,China,Beijing,Beijing,39.9289,116.3883
20,101.4.117.81,0.5099220275878906,China,Beijing,Beijing,39.9289,116.3883
20,101.4.117.81,0.4768359661102295,China,Beijing,Beijing,39.9289,116.3883
20,101.4.117.81,0.4748649597167969,China,Beijing,Beijing,39.9289,116.3883
20,101.4.117.81,0.47281694412231445,China,Beijing,Beijing,39.9289,116.3883
20,101.4.117.81,0.47380995750427246,China,Beijing,Beijing,39.9289,116.3883
20,101.4.117.81,0.4832470417022705,China,Beijing,Beijing,39.9289,116.3883
20,101.4.117.81,0.4841301441192627,China,Beijing,Beijing,39.9289,116.3883
20,101.4.117.81,0.4831888675689697,China,Beijing,Beijing,39.9289,116.3883
20,101.4.117.81,0.4752941131591797,China,Beijing,Beijing,39.9289,116.3883
20,101.4.117.81,0.495434045791626,China,Beijing,Beijing,39.9289,116.3883
20,101.4.117.81,0.5023598670959473,China,Beijing,Beijing,39.9289,116.3883
20,101.4.117.81,0.4707350730895996,China,Beijing,Beijing,39.9289,116.3883
20,101.4.117.81,0.5028388500213623,China,Beijing,Beijing,39.9289,116.3883
20,101.4.117.81,0.47822999954223633,China,Beijing,Beijing,39.9289,116.3883
20,101.4.117.81,0.5227689743041992,China,Beijing,Beijing,39.9289,116.3883
20,101.4.117.81,0.46054601669311523,China,Beijing,Beijing,39.9289,116.3883
20,101.4.117.81,0.4920508861541748,China,Beijing,Beijing,39.9289,116.3883
20,101.4.117.81,0.4900040626525879,China,Beijing,Beijing,39.9289,116.3883
21,202.112.41.178,0.45698094367980957,China,Shanghai,Shanghai,31.0456,121.3997
21,202.112.41.178,0.47272205352783203,China,Shanghai,Shanghai,31.0456,121.3997
21,202.112.41.178,0.4838600158691406,China,Shanghai,Shanghai,31.0456,121.3997
21,202.112.41.178,0.5050868988037109,China,Shanghai,Shanghai,31.0456,121.3997
21,202.112.41.178,0.4703550338745117,China,Shanghai,Shanghai,31.0456,121.3997
21,202.112.41.178,0.5076370239257812,China,Shanghai,Shanghai,31.0456,121.3997
21,202.112.41.178,0.4687919616699219,China,Shanghai,Shanghai,31.0456,121.3997
21,202.112.41.178,0.46511411666870117,China,Shanghai,Shanghai,31.0456,121.3997
21,202.112.41.178,0.47498106956481934,China,Shanghai,Shanghai,31.0456,121.3997
21,202.112.41.178,0.45154404640197754,China,Shanghai,Shanghai,31.0456,121.3997
21,202.112.41.178,0.4829440116882324,China,Shanghai,Shanghai,31.0456,121.3997
21,202.112.41.178,0.46331095695495605,China,Shanghai,Shanghai,31.0456,121.3997
21,202.112.41.178,0.5070419311523438,China,Shanghai,Shanghai,31.0456,121.3997
21,202.112.41.178,0.4857349395751953,China,Shanghai,Shanghai,31.0456,121.3997
21,202.112.41.178,0.4594910144805908,China,Shanghai,Shanghai,31.0456,121.3997
21,202.112.41.178,0.47975802421569824,China,Shanghai,Shanghai,31.0456,121.3997
21,202.112.41.178,0.5205869674682617,China,Shanghai,Shanghai,31.0456,121.3997
21,202.112.41.178,0.50571608543396,China,Shanghai,Shanghai,31.0456,121.3997
21,202.112.41.178,0.556663990020752,China,Shanghai,Shanghai,31.0456,121.3997
21,202.112.41.178,0.5432119369506836,China,Shanghai,Shanghai,31.0456,121.3997
21,202.112.41.178,0.48270606994628906,China,Shanghai,Shanghai,31.0456,121.3997
21,202.112.41.178,0.4807729721069336,China,Shanghai,Shanghai,31.0456,121.3997
21,202.112.41.178,0.4842100143432617,China,Shanghai,Shanghai,31.0456,121.3997
21,202.112.41.178,0.49054813385009766,China,Shanghai,Shanghai,31.0456,121.3997
21,202.112.41.178,0.47735595703125,China,Shanghai,Shanghai,31.0456,121.3997
21,202.112.41.178,0.4880499839782715,China,Shanghai,Shanghai,31.0456,121.3997
21,202.112.41.178,0.49211788177490234,China,Shanghai,Shanghai,31.0456,121.3997
21,202.112.41.178,0.4855058193206787,China,Shanghai,Shanghai,31.0456,121.3997
21,202.112.41.178,0.4647529125213623,China,Shanghai,Shanghai,31.0456,121.3997
21,202.112.41.178,0.4750251770019531,China,Shanghai,Shanghai,31.0456,121.3997
22,202.112.41.182,0.4962329864501953,China,Shanghai,Shanghai,31.0456,121.3997
22,202.112.41.182,0.48628997802734375,China,Shanghai,Shanghai,31.0456,121.3997
22,202.112.41.182,0.5035660266876221,China,Shanghai,Shanghai,31.0456,121.3997
22,202.112.41.182,0.5036430358886719,China,Shanghai,Shanghai,31.0456,121.3997
22,202.112.41.182,0.44081616401672363,China,Shanghai,Shanghai,31.0456,121.3997
22,202.112.41.182,0.4460110664367676,China,Shanghai,Shanghai,31.0456,121.3997
22,202.112.41.182,0.4942200183868408,China,Shanghai,Shanghai,31.0456,121.3997
22,202.112.41.182,0.4843099117279053,China,Shanghai,Shanghai,31.0456,121.3997
22,202.112.41.182,0.4629361629486084,China,Shanghai,Shanghai,31.0456,121.3997
22,202.112.41.182,0.47622108459472656,China,Shanghai,Shanghai,31.0456,121.3997
22,202.112.41.182,0.4951150417327881,China,Shanghai,Shanghai,31.0456,121.3997
22,202.112.41.182,0.451030969619751,China,Shanghai,Shanghai,31.0456,121.3997
22,202.112.41.182,0.4692108631134033,China,Shanghai,Shanghai,31.0456,121.3997
22,202.112.41.182,0.47359800338745117,China,Shanghai,Shanghai,31.0456,121.3997
22,202.112.41.182,0.472304105758667,China,Shanghai,Shanghai,31.0456,121.3997
22,202.112.41.182,0.46678996086120605,China,Shanghai,Shanghai,31.0456,121.3997
22,202.112.41.182,0.4899618625640869,China,Shanghai,Shanghai,31.0456,121.3997
22,202.112.41.182,0.49226808547973633,China,Shanghai,Shanghai,31.0456,121.3997
22,202.112.41.182,0.5000009536743164,China,Shanghai,Shanghai,31.0456,121.3997
22,202.112.41.182,0.4713120460510254,China,Shanghai,Shanghai,31.0456,121.3997
22,202.112.41.182,0.4407529830932617,China,Shanghai,Shanghai,31.0456,121.3997
22,202.112.41.182,0.49941492080688477,China,Shanghai,Shanghai,31.0456,121.3997
22,202.112.41.182,0.4594991207122803,China,Shanghai,Shanghai,31.0456,121.3997
22,202.112.41.182,0.5915930271148682,China,Shanghai,Shanghai,31.0456,121.3997
22,202.112.41.182,0.5064268112182617,China,Shanghai,Shanghai,31.0456,121.3997
22,202.112.41.182,0.5394511222839355,China,Shanghai,Shanghai,31.0456,121.3997
22,202.112.41.182,0.465162992477417,China,Shanghai,Shanghai,31.0456,121.3997
22,202.112.41.182,0.48249197006225586,China,Shanghai,Shanghai,31.0456,121.3997
22,202.112.41.182,0.46898508071899414,China,Shanghai,Shanghai,31.0456,121.3997
22,202.112.41.182,0.46455883979797363,China,Shanghai,Shanghai,31.0456,121.3997
